Model,Accuracy,Precision,Recall,F1,AUC
SVM,0.8956276445698167,0.8956276445698167,1.0,0.9449404761904762,0.6319216854649925
KNN,0.8956276445698167,0.8978723404255319,0.9968503937007874,0.9447761194029851,0.583336880187274
LogReg,0.8956276445698167,0.8956276445698167,1.0,0.9449404761904762,0.6069802085550118
MLP,0.8956276445698167,0.8956276445698167,1.0,0.9449404761904762,0.5956586507767611
RF,0.8913963328631875,0.8951841359773371,0.9952755905511811,0.9425801640566741,0.5774420089380718
